file,signal,outcome,expected,seen
Daikin_ARC480A41.ir,OFF,match,"{'fan_mode': 'low', 'swing_mode': 'off', 'hvac_mode': 'off'}","{'hvac_mode': 'off', 'temperature': 10.0, 'fan_mode': 'low', 'swing_mode': 'off'}"
Daikin_ARC480A41.ir,COOL,match,"{'fan_mode': 'quiet', 'swing_mode': 'off', 'hvac_mode': 'cool', 'temperature': 23.5}","{'hvac_mode': 'cool', 'temperature': 23.5, 'fan_mode': 'quiet', 'swing_mode': 'off'}"
Daikin_ARC480A41.ir,HEAT,match,"{'fan_mode': 'quiet', 'swing_mode': 'off', 'hvac_mode': 'heat', 'temperature': 25.0}","{'hvac_mode': 'heat', 'temperature': 25.0, 'fan_mode': 'quiet', 'swing_mode': 'off'}"
Daikin_ARC480A41.ir,DRY,match,"{'fan_mode': 'auto', 'swing_mode': 'off', 'hvac_mode': 'dry'}","{'hvac_mode': 'dry', 'temperature': 25.0, 'fan_mode': 'auto', 'swing_mode': 'off'}"
Daikin_ARC480A41.ir,AUTO,match,"{'fan_mode': 'quiet', 'swing_mode': 'off', 'hvac_mode': 'heat_cool', 'temperature': 25.0}","{'hvac_mode': 'heat_cool', 'temperature': 25.0, 'fan_mode': 'quiet', 'swing_mode': 'off'}"
Daikin_ARC480A41.ir,FAN_ONLY,match,"{'fan_mode': 'low', 'swing_mode': 'off', 'hvac_mode': 'fan_only'}","{'hvac_mode': 'fan_only', 'temperature': 25.0, 'fan_mode': 'low', 'swing_mode': 'off'}"
Daikin_ARC480A41.ir,TEMP+,match,"{'fan_mode': 'low', 'swing_mode': 'off', 'hvac_mode': 'cool', 'temperature': 24.0}","{'hvac_mode': 'cool', 'temperature': 24.0, 'fan_mode': 'low', 'swing_mode': 'off'}"
Daikin_ARC480A41.ir,TEMP-,match,"{'fan_mode': 'low', 'swing_mode': 'off', 'hvac_mode': 'cool', 'temperature': 23.5}","{'hvac_mode': 'cool', 'temperature': 23.5, 'fan_mode': 'low', 'swing_mode': 'off'}"
Daikin_ARC480A41.ir,POWERFUL,match,"{'fan_mode': 'low', 'swing_mode': 'off', 'hvac_mode': 'cool', 'temperature': 23.5}","{'hvac_mode': 'cool', 'temperature': 23.5, 'fan_mode': 'low', 'swing_mode': 'off'}"
Daikin_ARC480A41.ir,COMFORT,match,"{'fan_mode': 'low', 'swing_mode': 'off', 'hvac_mode': 'cool', 'temperature': 23.5}","{'hvac_mode': 'cool', 'temperature': 23.5, 'fan_mode': 'low', 'swing_mode': 'off'}"
Daikin_ARC480A41.ir,FAN,match,"{'fan_mode': 'low', 'swing_mode': 'off', 'hvac_mode': 'heat_cool', 'temperature': 25.0}","{'hvac_mode': 'heat_cool', 'temperature': 25.0, 'fan_mode': 'low', 'swing_mode': 'off'}"
Daikin_ARC480A41.ir,SWING,match,"{'fan_mode': 'low', 'swing_mode': 'vertical', 'hvac_mode': 'cool', 'temperature': 23.5}","{'hvac_mode': 'cool', 'temperature': 23.5, 'fan_mode': 'low', 'swing_mode': 'vertical'}"
Daikin_ARC480A41.ir,QUIET,match,"{'fan_mode': 'low', 'swing_mode': 'off', 'hvac_mode': 'cool', 'temperature': 23.5}","{'hvac_mode': 'cool', 'temperature': 23.5, 'fan_mode': 'low', 'swing_mode': 'off'}"
Daikin_ARC480A41.ir,SLEEP,match,"{'fan_mode': 'auto', 'swing_mode': 'off', 'hvac_mode': 'cool', 'temperature': 23.5}","{'hvac_mode': 'cool', 'temperature': 23.5, 'fan_mode': 'auto', 'swing_mode': 'off'}"
Daikin_ARC480A41.ir,ECONOMY,match,"{'fan_mode': 'auto', 'swing_mode': 'off', 'hvac_mode': 'cool', 'temperature': 23.5}","{'hvac_mode': 'cool', 'temperature': 23.5, 'fan_mode': 'auto', 'swing_mode': 'off'}"
Daikin_ARC480A41.ir,MOLD PROOF,match,"{'fan_mode': 'auto', 'swing_mode': 'off', 'hvac_mode': 'cool', 'temperature': 23.5}","{'hvac_mode': 'cool', 'temperature': 23.5, 'fan_mode': 'auto', 'swing_mode': 'off'}"
Daikin_ARC480A41.ir,TIMER ON,match,"{'fan_mode': 'auto', 'swing_mode': 'off', 'hvac_mode': 'cool', 'temperature': 23.5}","{'hvac_mode': 'cool', 'temperature': 23.5, 'fan_mode': 'auto', 'swing_mode': 'off'}"
Daikin_ARC480A41.ir,TIMER OFF,match,"{'fan_mode': 'auto', 'swing_mode': 'off', 'hvac_mode': 'cool', 'temperature': 23.5}","{'hvac_mode': 'cool', 'temperature': 23.5, 'fan_mode': 'auto', 'swing_mode': 'off'}"
Daikin_ARC480A41.ir,TIMER CANCEL,match,"{'fan_mode': 'auto', 'swing_mode': 'off', 'hvac_mode': 'cool', 'temperature': 23.5}","{'hvac_mode': 'cool', 'temperature': 23.5, 'fan_mode': 'auto', 'swing_mode': 'off'}"
Daikin_ARC480A53.ir,Off,match,"{'fan_mode': 'high', 'swing_mode': 'both', 'hvac_mode': 'off'}","{'hvac_mode': 'off', 'temperature': 23.5, 'fan_mode': 'high', 'swing_mode': 'both'}"
Daikin_ARC480A53.ir,AUTO,match,"{'fan_mode': 'high', 'swing_mode': 'both', 'hvac_mode': 'heat_cool', 'temperature': 25.0}","{'hvac_mode': 'heat_cool', 'temperature': 25.0, 'fan_mode': 'high', 'swing_mode': 'both'}"
Daikin_ARC480A53.ir,COOL,match,"{'fan_mode': 'high', 'swing_mode': 'both', 'hvac_mode': 'cool', 'temperature': 18.5}","{'hvac_mode': 'cool', 'temperature': 18.5, 'fan_mode': 'high', 'swing_mode': 'both'}"
Daikin_ARC480A53.ir,DRY,match,"{'fan_mode': 'auto', 'swing_mode': 'both', 'hvac_mode': 'dry'}","{'hvac_mode': 'dry', 'temperature': 18.5, 'fan_mode': 'auto', 'swing_mode': 'both'}"
Daikin_ARC480A53.ir,HEAT,match,"{'fan_mode': 'high', 'swing_mode': 'both', 'hvac_mode': 'heat', 'temperature': 22.0}","{'hvac_mode': 'heat', 'temperature': 22.0, 'fan_mode': 'high', 'swing_mode': 'both'}"
Daikin_ARC480A53.ir,FAN_ONLY,match,"{'fan_mode': 'high', 'swing_mode': 'both', 'hvac_mode': 'fan_only'}","{'hvac_mode': 'fan_only', 'temperature': 22.0, 'fan_mode': 'high', 'swing_mode': 'both'}"
Daikin_ARC480A53.ir,TEMP+,match,"{'fan_mode': 'high', 'swing_mode': 'both', 'hvac_mode': 'heat_cool', 'temperature': 25.5}","{'hvac_mode': 'heat_cool', 'temperature': 25.5, 'fan_mode': 'high', 'swing_mode': 'both'}"
Daikin_ARC480A53.ir,TEMP-,match,"{'fan_mode': 'high', 'swing_mode': 'both', 'hvac_mode': 'heat_cool', 'temperature': 25.5}","{'hvac_mode': 'heat_cool', 'temperature': 25.5, 'fan_mode': 'high', 'swing_mode': 'both'}"
Daikin_ARC480A53.ir,FAN,match,"{'fan_mode': 'auto', 'swing_mode': 'both', 'hvac_mode': 'heat_cool', 'temperature': 25.5}","{'hvac_mode': 'heat_cool', 'temperature': 25.5, 'fan_mode': 'auto', 'swing_mode': 'both'}"
Daikin_ARC480A53.ir,ECONOMY,match,"{'fan_mode': 'auto', 'swing_mode': 'both', 'hvac_mode': 'heat_cool', 'temperature': 25.5}","{'hvac_mode': 'heat_cool', 'temperature': 25.5, 'fan_mode': 'auto', 'swing_mode': 'both'}"
Daikin_ARC480A53.ir,COMFORT,match,"{'fan_mode': 'auto', 'swing_mode': 'horizontal', 'hvac_mode': 'heat_cool', 'temperature': 25.5}","{'hvac_mode': 'heat_cool', 'temperature': 25.5, 'fan_mode': 'auto', 'swing_mode': 'horizontal'}"
Daikin_ARC480A53.ir,POWERFUL,match,"{'fan_mode': 'auto', 'swing_mode': 'horizontal', 'hvac_mode': 'heat_cool', 'temperature': 25.5}","{'hvac_mode': 'heat_cool', 'temperature': 25.5, 'fan_mode': 'auto', 'swing_mode': 'horizontal'}"
Daikin_ARC480A53.ir,SWING_VERTICAL,match,"{'fan_mode': 'auto', 'swing_mode': 'both', 'hvac_mode': 'heat_cool', 'temperature': 25.5}","{'hvac_mode': 'heat_cool', 'temperature': 25.5, 'fan_mode': 'auto', 'swing_mode': 'both'}"
Daikin_ARC480A53.ir,SWING_HORIZONTAL,match,"{'fan_mode': 'auto', 'swing_mode': 'vertical', 'hvac_mode': 'heat_cool', 'temperature': 25.5}","{'hvac_mode': 'heat_cool', 'temperature': 25.5, 'fan_mode': 'auto', 'swing_mode': 'vertical'}"
Daikin_ARC480A53.ir,TIMER_ON,match,"{'fan_mode': 'auto', 'swing_mode': 'vertical', 'hvac_mode': 'heat_cool', 'temperature': 25.5}","{'hvac_mode': 'heat_cool', 'temperature': 25.5, 'fan_mode': 'auto', 'swing_mode': 'vertical'}"
Daikin_ARC480A53.ir,TIMER_OFF,match,"{'fan_mode': 'auto', 'swing_mode': 'vertical', 'hvac_mode': 'heat_cool', 'temperature': 25.5}","{'hvac_mode': 'heat_cool', 'temperature': 25.5, 'fan_mode': 'auto', 'swing_mode': 'vertical'}"
Daikin_ARC480A53.ir,TIMER_CANCEL,match,"{'fan_mode': 'auto', 'swing_mode': 'vertical', 'hvac_mode': 'heat_cool', 'temperature': 25.5}","{'hvac_mode': 'heat_cool', 'temperature': 25.5, 'fan_mode': 'auto', 'swing_mode': 'vertical'}"
